featureType,latitude,longitude,xCoordinate,yCoordinate
0,26.587351,49.984146,5557.983447860915,2956.378544118136
0,26.428604,50.066522,5567.143241138186,2938.7266830980916
0,26.428604,50.066522,5567.143241138186,2938.7266830980916
0,26.428604,50.066522,5567.143241138186,2938.7266830980916
0,26.284889,50.144043,5575.763183,2922.7463042153686
0,21.269189,40.41915,4494.404419285416,2365.025910644256
0,21.269189,40.41915,4494.404419285416,2365.025910644256
0,21.269189,40.41915,4494.404419285416,2365.025910644256
0,26.556,49.996,5559.301552521359,2952.892471972902
0,26.554784,50.004525,5560.249489271004,2952.757258942102
0,17.057837,47.090457,5236.219911773747,1896.7449339298396
0,26.428604,50.066522,5567.143241138186,2938.7266830980916
0,18.350639,45.602164,5070.729280813137,2040.497957485779
0,26.554784,50.004525,5560.249489271004,2952.757258942102
0,26.554784,50.004525,5560.249489271004,2952.757258942102
0,26.336408,43.967329,4888.943923,2928.4749556411693
0,26.519038,43.991731,4891.657301512161,2948.782485094265
0,26.554784,50.004525,5560.249489271004,2952.757258942102
0,26.554784,50.004525,5560.249489271004,2952.757258942102
0,26.554784,50.004525,5560.249489271004,2952.757258942102
0,26.554784,50.004525,5560.249489271004,2952.757258942102
0,26.554784,50.004525,5560.249489271004,2952.757258942102
0,26.554784,50.004525,5560.249489271004,2952.757258942102
0,26.587351,49.984146,5557.983447860915,2956.378544118136
0,26.554784,50.004525,5560.249489271004,2952.757258942102
0,25.925376,49.66834,5522.867422857003,2882.7702825526035
0,17.665621,45.250109,5031.582550913287,1964.3274312255764
0,19.096906,42.863788,4766.235762367917,2123.4790618080337
0,26.587351,49.984146,5557.983447860915,2956.378544118136
0,26.554784,50.004525,5560.249489271004,2952.757258942102
0,26.587351,49.984146,5557.983447860915,2956.378544118136
0,25.403052,49.589793,5514.133394953852,2824.6905036879107
0,26.585137,49.976431,5557.125579001851,2956.1323585505443
0,17.489234,47.104438,5237.7745280431645,1944.7140916995224
0,18.520277,45.69972,5081.577013076873,2059.3608424519084
0,17.567896,44.233563,4918.547793012467,1953.460907019237
0,18.520277,45.69972,5081.577013076873,2059.3608424519084
0,17.453164,44.720597,4972.703502915873,1940.7032906954532
0,18.520277,45.69972,5081.577013076873,2059.3608424519084
0,26.576492,49.998236,5559.550184377335,2955.1710784097017
0,25.403052,49.589793,5514.133394953852,2824.6905036879107
0,17.55494,44.232356,4918.413580736008,1952.0202655496298
0,26.58367,49.980703,5557.600603728477,2955.969235593157
0,26.583956,49.984697,5558.044716265495,2956.001037342177
0,26.587351,49.984146,5557.983447860915,2956.378544118136
0,26.587351,49.984146,5557.983447860915,2956.378544118136
0,26.587351,49.984146,5557.983447860915,2956.378544118136
0,26.587351,49.984146,5557.983447860915,2956.378544118136
0,26.587351,49.984146,5557.983447860915,2956.378544118136
0,18.351466,45.600711,5070.567714584722,2040.5899156901135
0,19.096905,42.863786,4766.235539978063,2123.478950613107
0,24.684588,46.70267,5193.099964755033,2744.800951911155
0,24.684588,46.70267,5193.099964755033,2744.800951911155
0,21.485811,39.192505,4358.007718491502,2389.1131780438536
0,20.596271,41.053352,4564.924464153248,2290.2008429964526
0,24.089097,38.063963,4232.519573586198,2678.5853738486594
0,16.800006,43.149996,4798.060639933004,1868.0754347981465
0,16.889586,42.560818,4732.547035442414,1878.0362763269666
0,24.460197,39.599033,4403.21157,2719.8498111264557
0,16.893194,42.57526,4734.152912573016,1878.437468
0,16.893194,42.57526,4734.152912573016,1878.437468
0,16.893194,42.57526,4734.152912573016,1878.437468
0,16.524264,42.967896,4777.812043791029,1837.4143233353227
0,18.64233,43.012665,4782.790129461979,2072.932516833657
0,16.770578,43.150917,4798.163050460443,1864.8031904968507
0,16.889214,42.57228,4733.821551691615,1877.9949118142542
0,16.893194,42.575261,4734.153023767943,1878.437468
0,16.893194,42.575261,4734.153023767943,1878.437468
0,16.892213,42.56892,4733.447936738089,1878.3283853992616
0,16.889167,42.561111,4732.579615555921,1877.989685652702
0,16.889359,42.570567,4733.631074782272,1878.0110350786179
0,17.468393,42.707611,4748.869672,1942.3966782333232
0,28.383333,36.583333,4067.8810293484657,3156.0826308630835
0,22.755438,46.209155,5138.223600532045,2530.2892591748046
0,16.601689,42.94059,4774.775755124072,1846.0235905307777
0,16.800296,43.150341,4798.099002182696,1868.1076813268733
0,28.104333,43.015529,4783.108591731889,3125.0592463292514
0,28.104333,43.015529,4783.108591731889,3125.0592463292514
0,21.503571,39.179195,4356.527714017862,2391.0879999410604
0,24.64732,46.714581,5194.424407526298,2740.6569393849654
0,24.64732,46.714581,5194.424407526298,2740.6569393849654
0,24.64732,46.714581,5194.424407526298,2740.6569393849654
0,24.64732,46.714581,5194.424407526298,2740.6569393849654
0,24.64732,46.714581,5194.424407526298,2740.6569393849654
0,24.64732,46.714581,5194.424407526298,2740.6569393849654
0,24.64732,46.714581,5194.424407526298,2740.6569393849654
0,21.523558,41.919647,4661.252073130796,2393.310452939905
0,21.422512,39.826209,4428.472388285865,2382.0746503821797
0,21.422512,39.826209,4428.472388285865,2382.0746503821797
0,26.489327,50.00923,5560.772661400866,2945.478772628729
0,26.49151,50.008725,5560.716508,2945.7215111535947
0,19.096906,42.863788,4766.235762367917,2123.4790618080337
0,19.981444,42.601596,4737.081342161127,2221.8351998323583
0,26.56114,50.007,5560.5246967144485,2953.4640138958553
0,17.562997,43.455986,4832.085175536972,1952.9161630736048
0,21.543257,39.176184,4356.1929060937355,2395.500881799877
0,27.000544,49.670802,5523.141184766402,3002.3235094431807
0,21.538912,39.143925,4352.605868955109,2395.017739843606
0,21.543155,39.174905,4356.050687782557,2395.489539917359
0,21.543155,39.174905,4356.050687782557,2395.489539917359
0,21.543155,39.174905,4356.050687782557,2395.489539917359
1,21.543155,39.174905,4356.050687782557,2395.489539917359
1,16.968555,42.830765,4762.563772305333,1886.8172284891602
1,26.587351,49.984146,5557.983447860915,2956.378544118136
1,26.587351,49.984146,5557.983447860915,2956.378544118136
1,26.577352,50.075286,5568.117753475299,2955.2667060466165
1,28.383312,36.580778,4067.5969263108886,3156.0802957696237
1,24.518453,44.397906,4936.821900842015,2726.3275827730613
2,17.55494,44.232356,4918.413580736008,1952.0202655496298
2,16.889357,42.570543,4733.628406104033,1878.0108126887646
2,16.889359,42.570567,4733.631074782272,1878.0110350786179
2,16.889359,42.570567,4733.631074782272,1878.0110350786179
2,17.333333,42.666667,4744.316907232815,1927.378691440709
2,24.684588,46.70267,5193.099964755033,2744.800951911155
2,16.889359,42.570567,4733.631074782272,1878.0110350786179
2,17.173818,42.707611,4748.869672,1909.6414327170025
2,16.889359,42.570567,4733.631074782272,1878.0110350786179
2,17.173818,42.707611,4748.869672,1909.6414327170025
2,16.889359,42.570567,4733.631074782272,1878.0110350786179
2,16.889359,42.570567,4733.631074782272,1878.0110350786179
2,17.333333,42.666667,4744.316907232815,1927.378691440709
2,16.889359,42.570567,4733.631074782272,1878.0110350786179
2,16.889359,42.570567,4733.631074782272,1878.0110350786179
2,16.955649,42.927618,4773.333335,1885.3821467658856
2,17.173818,42.707611,4748.869672,1909.6414327170025
2,17.173818,42.707611,4748.869672,1909.6414327170025
2,16.889357,42.570543,4733.628406104033,1878.0108126887646
2,16.889167,42.561111,4732.579615555921,1877.989685652702
2,16.887294,42.565977,4733.120690068974,1877.781417555097
2,16.889167,42.561111,4732.579615555921,1877.989685652702
2,16.892213,42.56892,4733.447936738089,1878.3283853992616
2,16.887294,42.565977,4733.120690068974,1877.781417555097
2,16.887294,42.565977,4733.120690068974,1877.781417555097
2,16.892213,42.56892,4733.447936738089,1878.3283853992616
2,17.475135,42.707611,4748.869672,1943.1463544287612
2,24.684588,46.70267,5193.099964755033,2744.800951911155
2,17.475135,42.707611,4748.869672,1943.1463544287612
2,17.173818,42.707611,4748.869672,1909.6414327170025
2,17.173818,42.707611,4748.869672,1909.6414327170025
2,24.684588,46.70267,5193.099964755033,2744.800951911155
2,24.684588,46.70267,5193.099964755033,2744.800951911155
2,21.543155,39.174905,4356.050687782557,2395.489539917359
2,24.684588,46.70267,5193.099964755033,2744.800951911155
2,21.485811,39.192505,4358.007718491502,2389.1131780438536
2,21.543333,39.172778,4355.814176173585,2395.5093326143015
2,24.64732,46.714581,5194.424407526298,2740.6569393849654
2,24.64732,46.714581,5194.424407526298,2740.6569393849654
2,24.64732,46.714581,5194.424407526298,2740.6569393849654
2,24.64732,46.714581,5194.424407526298,2740.6569393849654
2,24.684588,46.70267,5193.099964755033,2744.800951911155
2,24.64732,46.714581,5194.424407526298,2740.6569393849654
2,24.64732,46.714581,5194.424407526298,2740.6569393849654
2,24.64732,46.714581,5194.424407526298,2740.6569393849654
2,24.64732,46.714581,5194.424407526298,2740.6569393849654
2,24.64732,46.714581,5194.424407526298,2740.6569393849654
2,24.64732,46.714581,5194.424407526298,2740.6569393849654
2,24.64732,46.714581,5194.424407526298,2740.6569393849654
2,24.64732,46.714581,5194.424407526298,2740.6569393849654
2,24.023176,38.189978,4246.531802267313,2671.255293089324
2,24.023176,38.189978,4246.531802267313,2671.255293089324
2,24.023174,38.182904,4245.745209356228,2671.2550706994707
2,24.08554,38.063286,4232.444294620859,2678.1898534945853
2,24.089097,38.063963,4232.519573586198,2678.5853738486594
2,24.022266,38.214131,4249.217493330558,2671.154105706077
2,24.64732,46.714581,5194.424407526298,2740.6569393849654
2,24.64732,46.714581,5194.424407526298,2740.6569393849654
2,24.64732,46.714581,5194.424407526298,2740.6569393849654
2,24.840398,39.320624,4372.253901298276,2762.1262334316434
2,24.64732,46.714581,5194.424407526298,2740.6569393849654
2,24.684588,46.70267,5193.099964755033,2744.800951911155
2,17.475135,42.707611,4748.869672,1943.1463544287612
2,16.889303,42.570655,4733.640859935818,1878.0048081627258
2,24.684588,46.70267,5193.099964755033,2744.800951911155
2,16.887294,42.565977,4733.120690068974,1877.781417555097
2,16.889167,42.561111,4732.579615555921,1877.989685652702
2,17.475135,42.707611,4748.869672,1943.1463544287612
2,17.475135,42.707611,4748.869672,1943.1463544287612
2,17.475135,42.707611,4748.869672,1943.1463544287612
2,16.691499,42.942709,4775.011377173632,1856.0100068927254
2,24.684588,46.70267,5193.099964755033,2744.800951911155
2,24.684588,46.70267,5193.099964755033,2744.800951911155
2,24.684588,46.70267,5193.099964755033,2744.800951911155
2,24.684588,46.70267,5193.099964755033,2744.800951911155
2,17.118301,43.132305,4796.093490485734,1903.4682239744764
2,17.698762,42.012538,4671.581081061736,1968.0125422895035
2,17.721658,42.025295,4672.999594740942,1970.5584613299577
2,16.546944,42.979444,4779.0961228039205,1839.9362242716213
2,24.788417,43.800085,4870.347238600438,2756.346209949733
2,16.596515,42.939034,4774.602735818213,1845.4482679803186
2,16.601288,42.934621,4774.112032606931,1845.9790013651934
2,16.601689,42.94059,4774.775755124072,1846.0235905307777
2,16.601689,42.94059,4774.775755124072,1846.0235905307777
2,16.601689,42.94059,4774.775755124072,1846.0235905307777
2,16.601689,42.94059,4774.775755124072,1846.0235905307777
2,16.601689,42.94059,4774.775755124072,1846.0235905307777
2,16.601689,42.94059,4774.775755124072,1846.0235905307777
2,16.601689,42.94059,4774.775755124072,1846.0235905307777
2,16.601689,42.94059,4774.775755124072,1846.0235905307777
2,16.601689,42.94059,4774.775755124072,1846.0235905307777
2,16.601689,42.94059,4774.775755124072,1846.0235905307777
2,26.425278,36.523611,4061.240245939399,2938.3568487720718
2,17.149444,42.625278,4739.714660413923,1906.9311675749677
2,16.601364,42.93882,4774.578940103911,1845.9874521796182
2,16.576665,42.920508,4772.542738607196,1843.2410486864242
2,17.27073,43.217068,4805.518706052907,1920.4175554479798
2,17.475135,42.707611,4748.869672,1943.1463544287612
2,16.889167,42.561111,4732.579615555921,1877.989685652702
2,16.889287,42.570656,4733.640971130744,1878.0030290438995
2,16.889167,42.561111,4732.579615555921,1877.989685652702
2,24.684588,46.70267,5193.099964755033,2744.800951911155
2,16.889167,42.561111,4732.579615555921,1877.989685652702
2,24.684588,46.70267,5193.099964755033,2744.800951911155
2,24.684588,46.70267,5193.099964755033,2744.800951911155
2,16.889359,42.570567,4733.631074782272,1878.0110350786179
2,16.890726,42.567442,4733.283590636508,1878.1630385433411
2,17.294844,42.695584,4747.532330926595,1923.098909909087
2,17.25564,42.727309,4751.059989974394,1918.7396240049136
2,17.475135,42.707611,4748.869672,1943.1463544287612
2,16.882694,42.559745,4732.427723286126,1877.269920892532
2,17.475135,42.707611,4748.869672,1943.1463544287612
2,16.887294,42.565977,4733.120690068974,1877.781417555097
2,21.624389,39.224561,4361.572183,2404.522348588403
2,16.889167,42.561111,4732.579615555921,1877.989685652702
2,16.790313,42.942361,4774.972681,1866.9976223741812
2,16.784984,42.746565,4753.201159481861,1866.4050646100923
2,16.784984,42.746565,4753.201159481861,1866.4050646100923
2,16.784985,42.74608,4753.1472299424395,1866.4051758050186
2,16.784985,42.74608,4753.1472299424395,1866.4051758050186
2,16.784984,42.746565,4753.201159481861,1866.4050646100923
2,16.728178,42.78088,4757.0168133896705,1860.088525607121
2,16.898229,42.5777,4734.424228194029,1878.997334077955
2,16.784984,42.746565,4753.201159481861,1866.4050646100923
2,16.908185,42.890767,4769.23569,1880.1043907676283
2,16.705094,42.914716,4771.898697592071,1857.5217019204583
2,16.90998,42.884505,4768.539387663212,1880.3039856609555
2,16.880887,42.799968,4759.1393021494605,1877.0689916600854
2,16.889359,42.570567,4733.631074782272,1878.0110350786179
2,16.889379,42.570553,4733.629518,1878.013258977151
2,24.684588,46.70267,5193.099964755033,2744.800951911155
2,21.525071,39.165189,4354.970317875278,2393.4786908639185
2,24.684588,46.70267,5193.099964755033,2744.800951911155
2,17.55494,44.232356,4918.413580736008,1952.0202655496298
2,17.55494,44.232356,4918.413580736008,1952.0202655496298
2,17.55494,44.232356,4918.413580736008,1952.0202655496298
2,17.55494,44.232356,4918.413580736008,1952.0202655496298
2,17.55494,44.232356,4918.413580736008,1952.0202655496298
2,17.55494,44.232356,4918.413580736008,1952.0202655496298
2,17.55494,44.232356,4918.413580736008,1952.0202655496298
2,17.55494,44.232356,4918.413580736008,1952.0202655496298
2,17.55494,44.232356,4918.413580736008,1952.0202655496298
2,17.55494,44.232356,4918.413580736008,1952.0202655496298
2,17.55494,44.232356,4918.413580736008,1952.0202655496298
2,17.55494,44.232356,4918.413580736008,1952.0202655496298
2,17.55494,44.232356,4918.413580736008,1952.0202655496298
2,17.55494,44.232356,4918.413580736008,1952.0202655496298
2,17.55494,44.232356,4918.413580736008,1952.0202655496298
2,17.55494,44.232356,4918.413580736008,1952.0202655496298
2,17.55494,44.232356,4918.413580736008,1952.0202655496298
2,17.55494,44.232356,4918.413580736008,1952.0202655496298
2,17.55494,44.232356,4918.413580736008,1952.0202655496298
2,17.55494,44.232356,4918.413580736008,1952.0202655496298
2,17.55494,44.232356,4918.413580736008,1952.0202655496298
2,17.55494,44.232356,4918.413580736008,1952.0202655496298
2,17.55494,44.232356,4918.413580736008,1952.0202655496298
2,17.55494,44.232356,4918.413580736008,1952.0202655496298
2,17.55494,44.232356,4918.413580736008,1952.0202655496298
2,17.55494,44.232356,4918.413580736008,1952.0202655496298
2,17.55494,44.232356,4918.413580736008,1952.0202655496298
2,17.55494,44.232356,4918.413580736008,1952.0202655496298
2,17.55494,44.232356,4918.413580736008,1952.0202655496298
2,17.55494,44.232356,4918.413580736008,1952.0202655496298
2,17.55494,44.232356,4918.413580736008,1952.0202655496298
2,17.55494,44.232356,4918.413580736008,1952.0202655496298
2,17.55494,44.232356,4918.413580736008,1952.0202655496298
2,17.55494,44.232356,4918.413580736008,1952.0202655496298
2,17.55494,44.232356,4918.413580736008,1952.0202655496298
2,17.55494,44.232356,4918.413580736008,1952.0202655496298
2,17.55494,44.232356,4918.413580736008,1952.0202655496298
2,17.55494,44.232356,4918.413580736008,1952.0202655496298
2,17.55494,44.232356,4918.413580736008,1952.0202655496298
2,17.55494,44.232356,4918.413580736008,1952.0202655496298
2,17.55494,44.232356,4918.413580736008,1952.0202655496298
2,17.55494,44.232356,4918.413580736008,1952.0202655496298
2,17.55494,44.232356,4918.413580736008,1952.0202655496298
2,17.55494,44.232356,4918.413580736008,1952.0202655496298
2,17.55494,44.232356,4918.413580736008,1952.0202655496298
2,17.55494,44.232356,4918.413580736008,1952.0202655496298
2,17.55494,44.232356,4918.413580736008,1952.0202655496298
2,17.55494,44.232356,4918.413580736008,1952.0202655496298
2,17.55494,44.232356,4918.413580736008,1952.0202655496298
2,17.55494,44.232356,4918.413580736008,1952.0202655496298
2,17.55494,44.232356,4918.413580736008,1952.0202655496298
2,17.55494,44.232356,4918.413580736008,1952.0202655496298
2,17.55494,44.232356,4918.413580736008,1952.0202655496298
2,17.55494,44.232356,4918.413580736008,1952.0202655496298
2,17.55494,44.232356,4918.413580736008,1952.0202655496298
2,17.490911,44.131759,4907.227704700345,1944.9005655915057
2,17.55494,44.232356,4918.413580736008,1952.0202655496298
2,17.55494,44.232356,4918.413580736008,1952.0202655496298
2,17.55494,44.232356,4918.413580736008,1952.0202655496298
2,17.55494,44.232356,4918.413580736008,1952.0202655496298
2,17.55494,44.232356,4918.413580736008,1952.0202655496298
2,17.55494,44.232356,4918.413580736008,1952.0202655496298
2,17.55494,44.232356,4918.413580736008,1952.0202655496298
2,17.55494,44.232356,4918.413580736008,1952.0202655496298
2,17.55494,44.232356,4918.413580736008,1952.0202655496298
2,17.55494,44.232356,4918.413580736008,1952.0202655496298
2,21.437273,40.512714,4504.808261401989,2383.715999
2,17.565604,44.228944,4918.034183646296,1953.2060482473676
2,17.565604,44.228944,4918.034183646296,1953.2060482473676
2,18.351466,45.600711,5070.567714584722,2040.5899156901135
2,17.565604,44.228944,4918.034183646296,1953.2060482473676
2,21.422512,39.826209,4428.472388285865,2382.0746503821797
2,21.422512,39.826209,4428.472388285865,2382.0746503821797
2,21.422512,39.826209,4428.472388285865,2382.0746503821797
2,21.419133,39.872387,4433.607147608458,2381.698922725047
2,18.351466,45.600711,5070.567714584722,2040.5899156901135
2,30.978895,41.018,4560.993501106511,3444.6959570544873
2,30.976266,41.018741,4561.075896547154,3444.403625592339
2,31.332063,41.44449,4608.417025371148,3483.966446907693
2,24.479661,43.379104,4823.536287186685,2722.0141091786654
2,24.252146,42.137088,4685.430409175316,2696.715595443128
2,24.14996,47.300525,5259.578407624116,2685.3530306690277
2,24.464374,46.266591,5144.610192338801,2720.314272
2,26.309812,44.831816,4985.070491462355,2925.5176153721313
2,23.540869,45.508899,5060.358685979632,2617.6252016041667
2,24.684588,46.70267,5193.099964755033,2744.800951911155
2,24.684588,46.70267,5193.099964755033,2744.800951911155
2,24.684588,46.70267,5193.099964755033,2744.800951911155
2,21.485811,39.192505,4358.007718491502,2389.1131780438536
2,21.624389,39.224561,4361.572183,2404.522348588403
2,21.485811,39.192505,4358.007718491502,2389.1131780438536
2,21.489247,38.913818,4327.019137969709,2389.495243811804
2,21.650204,39.230646,4362.248804188652,2407.3928456197323
2,21.485811,39.192505,4358.007718491502,2389.1131780438536
2,24.684588,46.70267,5193.099964755033,2744.800951911155
2,17.565604,44.228944,4918.034183646296,1953.2060482473676
2,21.437273,40.512714,4504.808261401989,2383.715999
2,21.269189,40.41915,4494.404419285416,2365.025910644256
2,17.545372,44.222498,4917.317421149146,1950.956352491495
2,17.55494,44.232356,4918.413580736008,1952.0202655496298
2,17.55494,44.232356,4918.413580736008,1952.0202655496298
2,17.55494,44.232356,4918.413580736008,1952.0202655496298
2,17.489234,47.104438,5237.7745280431645,1944.7140916995224
2,18.312824,45.719025,5083.723631135747,2036.2931213347144
2,18.311718,45.715614,5083.344345240963,2036.1701397458457
2,18.351466,45.600711,5070.567714584722,2040.5899156901135
2,17.593938,44.143171,4908.496661203213,1956.3566452989146
2,18.351466,45.600711,5070.567714584722,2040.5899156901135
2,18.284561,45.511309,5060.626665752846,2033.1504191229594
2,17.593556,44.078402,4901.2946769993705,1956.314168836936
2,16.576572,43.093524,4791.7812400355315,1843.2307075582462
2,17.500848,44.010804,4893.778122348052,1946.0055095775729
2,17.500848,44.010804,4893.778122348052,1946.0055095775729
2,17.55494,44.232356,4918.413580736008,1952.0202655496298
2,18.520277,45.69972,5081.577013076873,2059.3608424519084
2,18.520277,45.69972,5081.577013076873,2059.3608424519084
2,18.351466,45.600711,5070.567714584722,2040.5899156901135
2,18.350015,45.509294,5060.402607975657,2040.4285718515523
2,17.658138,45.261024,5032.796243537612,1963.4953595894954
2,17.565604,44.228944,4918.034183646296,1953.2060482473676
2,17.81648,44.21075,4916.011103150925,1981.1021866642477
2,17.667165,44.250822,4920.466906251426,1964.4991161923156
2,17.447464,44.718525,4972.473107027866,1940.0694796135792
2,17.565604,44.228944,4918.034183646296,1953.2060482473676
2,20.960376,40.046593,4452.977971,2330.6874717623696
2,17.56582,44.229171,4918.0594248946445,1953.2300663515227
2,17.565604,44.228944,4918.034183646296,1953.2060482473676
2,17.565604,44.228944,4918.034183646296,1953.2060482473676
2,18.351466,45.600711,5070.567714584722,2040.5899156901135
2,18.351466,45.600711,5070.567714584722,2040.5899156901135
2,16.529372,43.013416,4782.8736368518885,1837.982307020623
2,18.223462,42.526052,4728.681233,2026.3565202999039
2,16.893194,42.575261,4734.153023767943,1878.437468
2,18.254627,42.792726,4758.334028490702,2029.8219101887814
2,18.254627,42.792726,4758.334028490702,2029.8219101887814
2,18.296236,42.799532,4759.090821161444,2034.4486198915347
2,18.234365,42.657903,4743.342394895702,2027.5688785851091
2,18.292638,42.801003,4759.254388898538,2034.0485405454674
2,18.292638,42.801003,4759.254388898538,2034.0485405454674
2,18.2344,42.6579,4743.342061310922,2027.5727704075418
2,18.2344,42.6579,4743.342061310922,2027.5727704075418
2,18.254627,42.792726,4758.334028490702,2029.8219101887814
2,18.294918,42.806536,4759.869630427663,2034.3020649782172
2,18.234365,42.657903,4743.342394895702,2027.5688785851091
2,18.254627,42.792726,4758.334028490702,2029.8219101887814
2,18.254627,42.792726,4758.334028490702,2029.8219101887814
2,18.254627,42.792726,4758.334028490702,2029.8219101887814
2,18.296189,42.799572,4759.095268958509,2034.4433937299823
2,18.254627,42.792726,4758.334028490702,2029.8219101887814
2,18.296236,42.799532,4759.090821161444,2034.4486198915347
2,18.254627,42.792726,4758.334028490702,2029.8219101887814
2,18.254627,42.792726,4758.334028490702,2029.8219101887814
2,18.294918,42.806536,4759.869630427663,2034.3020649782172
2,18.314752,42.725163,4750.821365661815,2036.5075051532851
2,18.314752,42.725163,4750.821365661815,2036.5075051532851
2,18.261197,42.794712,4758.554861615017,2030.552460856836
2,18.314752,42.725163,4750.821365661815,2036.5075051532851
2,18.314752,42.725163,4750.821365661815,2036.5075051532851
2,18.254627,42.792726,4758.334028490702,2029.8219101887814
2,18.314752,42.725163,4750.821365661815,2036.5075051532851
2,18.254627,42.792726,4758.334028490702,2029.8219101887814
2,18.314752,42.725163,4750.821365661815,2036.5075051532851
2,18.314752,42.725163,4750.821365661815,2036.5075051532851
2,18.314752,42.725163,4750.821365661815,2036.5075051532851
2,18.314752,42.725163,4750.821365661815,2036.5075051532851
2,18.314752,42.725163,4750.821365661815,2036.5075051532851
2,18.254627,42.792726,4758.334028490702,2029.8219101887814
2,18.254627,42.792726,4758.334028490702,2029.8219101887814
2,18.296189,42.799572,4759.095268958509,2034.4433937299823
2,18.314752,42.725163,4750.821365661815,2036.5075051532851
2,18.314752,42.725163,4750.821365661815,2036.5075051532851
2,18.314752,42.725163,4750.821365661815,2036.5075051532851
2,18.314752,42.725163,4750.821365661815,2036.5075051532851
2,19.096906,42.863788,4766.235762367917,2123.4790618080337
2,19.096906,42.863788,4766.235762367917,2123.4790618080337
2,18.836785,42.704667,4748.542314445308,2094.554926294324
2,19.049376,42.868178,4766.723908095887,2118.1939669446174
2,19.118069,42.86235,4766.075864063402,2125.832280040612
2,17.700589,43.604145,4848.559704673703,1968.2156954204831
2,18.309339,42.766233,4755.388141299107,2035.9056070153583
2,19.096906,42.863788,4766.235762367917,2123.4790618080337
2,19.096906,42.863787,4766.235651172991,2123.4790618080337
2,16.529372,43.013416,4782.8736368518885,1837.982307020623
2,18.309339,42.766233,4755.388141299107,2035.9056070153583
2,18.309339,42.766233,4755.388141299107,2035.9056070153583
2,18.309339,42.766233,4755.388141299107,2035.9056070153583
2,19.096906,42.863787,4766.235651172991,2123.4790618080337
2,18.309339,42.766233,4755.388141299107,2035.9056070153583
2,18.309339,42.766233,4755.388141299107,2035.9056070153583
2,18.309339,42.766233,4755.388141299107,2035.9056070153583
2,18.314752,42.725163,4750.821365661815,2036.5075051532851
2,19.096906,42.863788,4766.235762367917,2123.4790618080337
2,18.314752,42.725163,4750.821365661815,2036.5075051532851
2,18.314752,42.725163,4750.821365661815,2036.5075051532851
2,18.314752,42.725163,4750.821365661815,2036.5075051532851
2,18.275042,42.803098,4759.487342269858,2032.091955
2,18.314752,42.725163,4750.821365661815,2036.5075051532851
2,18.314752,42.725163,4750.821365661815,2036.5075051532851
2,18.314752,42.725163,4750.821365661815,2036.5075051532851
2,18.314752,42.725163,4750.821365661815,2036.5075051532851
2,17.884025,43.326599,4817.697997563212,1988.6128479844544
2,18.314752,42.725163,4750.821365661815,2036.5075051532851
2,18.314752,42.725163,4750.821365661815,2036.5075051532851
2,18.314752,42.725163,4750.821365661815,2036.5075051532851
2,18.314752,42.725163,4750.821365661815,2036.5075051532851
2,18.314752,42.725163,4750.821365661815,2036.5075051532851
2,18.314752,42.725163,4750.821365661815,2036.5075051532851
2,18.314752,42.725163,4750.821365661815,2036.5075051532851
2,18.314752,42.725163,4750.821365661815,2036.5075051532851
2,18.314752,42.725163,4750.821365661815,2036.5075051532851
2,18.314752,42.725163,4750.821365661815,2036.5075051532851
2,18.314752,42.725163,4750.821365661815,2036.5075051532851
2,18.314752,42.725163,4750.821365661815,2036.5075051532851
2,18.233784,42.655218,4743.043836517661,2027.5042743327285
2,18.233784,42.655218,4743.043836517661,2027.5042743327285
2,18.234365,42.657903,4743.342394895702,2027.5688785851091
2,18.24316,42.655486,4743.073636758003,2028.546837964948
2,18.234488,42.655951,4743.125342398892,2027.5825555610863
2,18.234365,42.657903,4743.342394895702,2027.5688785851091
2,18.234365,42.657903,4743.342394895702,2027.5688785851091
2,18.233784,42.655218,4743.043836517661,2027.5042743327285
2,18.234365,42.657903,4743.342394895702,2027.5688785851091
2,18.234365,42.657903,4743.342394895702,2027.5688785851091
2,18.234365,42.657903,4743.342394895702,2027.5688785851091
2,19.096906,42.863788,4766.235762367917,2123.4790618080337
2,17.916769,43.361625,4821.592711063863,1992.2538146625038
2,19.981444,42.601596,4737.081342161127,2221.8351998323583
2,17.651778,43.52619,4839.891504167126,1962.7881598560357
2,17.651778,43.52619,4839.891504167126,1962.7881598560357
2,18.234365,42.657903,4743.342394895702,2027.5688785851091
2,17.651778,43.52619,4839.891504167126,1962.7881598560357
2,18.234365,42.657903,4743.342394895702,2027.5688785851091
2,18.234365,42.657903,4743.342394895702,2027.5688785851091
2,18.223462,42.526052,4728.681233,2026.3565202999039
2,18.234816,42.657735,4743.323714148027,2027.6190274970259
2,18.234816,42.657735,4743.323714148027,2027.6190274970259
2,18.223462,42.526052,4728.681233,2026.3565202999039
2,18.223462,42.526052,4728.681233,2026.3565202999039
2,18.234816,42.657735,4743.323714148027,2027.6190274970259
2,18.234513,42.658309,4743.38754,2027.5853354342526
2,18.233784,42.655218,4743.043836517661,2027.5042743327285
2,18.223462,42.526052,4728.681233,2026.3565202999039
2,18.223462,42.526052,4728.681233,2026.3565202999039
2,18.223462,42.526052,4728.681233,2026.3565202999039
2,18.20109,42.631306,4740.384943431737,2023.8688674010116
2,18.223462,42.526052,4728.681233,2026.3565202999039
2,18.234365,42.657903,4743.342394895702,2027.5688785851091
2,18.234365,42.657903,4743.342394895702,2027.5688785851091
2,18.234365,42.657903,4743.342394895702,2027.5688785851091
2,18.23429,42.657574,4743.305811764836,2027.5605389656112
2,17.651778,43.52619,4839.891504167126,1962.7881598560357
2,17.651778,43.52619,4839.891504167126,1962.7881598560357
2,17.651778,43.52619,4839.891504167126,1962.7881598560357
2,18.314752,42.725163,4750.821365661815,2036.5075051532851
2,18.314752,42.725163,4750.821365661815,2036.5075051532851
2,18.314752,42.725163,4750.821365661815,2036.5075051532851
2,18.314752,42.725163,4750.821365661815,2036.5075051532851
2,18.294545,42.791796,4758.230617208922,2034.2605892705785
2,18.314752,42.725163,4750.821365661815,2036.5075051532851
2,18.314752,42.725163,4750.821365661815,2036.5075051532851
2,18.314752,42.725163,4750.821365661815,2036.5075051532851
2,18.314752,42.725163,4750.821365661815,2036.5075051532851
2,18.314752,42.725163,4750.821365661815,2036.5075051532851
2,18.314752,42.725163,4750.821365661815,2036.5075051532851
2,18.314752,42.725163,4750.821365661815,2036.5075051532851
2,18.314752,42.725163,4750.821365661815,2036.5075051532851
2,18.314752,42.725163,4750.821365661815,2036.5075051532851
2,18.314752,42.725163,4750.821365661815,2036.5075051532851
2,18.275042,42.803098,4759.487342269858,2032.091955
2,18.314752,42.725163,4750.821365661815,2036.5075051532851
2,18.314752,42.725163,4750.821365661815,2036.5075051532851
2,18.314752,42.725163,4750.821365661815,2036.5075051532851
2,18.314752,42.725163,4750.821365661815,2036.5075051532851
2,17.651778,43.52619,4839.891504167126,1962.7881598560357
2,17.651778,43.52619,4839.891504167126,1962.7881598560357
2,17.651778,43.52619,4839.891504167126,1962.7881598560357
2,17.665225,43.517421,4838.916436,1964.2833980346252
2,17.665225,43.517421,4838.916436,1964.2833980346252
2,18.314752,42.725163,4750.821365661815,2036.5075051532851
2,18.314752,42.725163,4750.821365661815,2036.5075051532851
2,18.314752,42.725163,4750.821365661815,2036.5075051532851
2,18.296042,42.800117,4759.155870193531,2034.4270480757655
2,18.314752,42.725163,4750.821365661815,2036.5075051532851
2,18.314752,42.725163,4750.821365661815,2036.5075051532851
2,18.314752,42.725163,4750.821365661815,2036.5075051532851
2,18.300925,42.795899,4758.686849992945,2034.9700129025712
2,18.314752,42.725163,4750.821365661815,2036.5075051532851
2,18.314752,42.725163,4750.821365661815,2036.5075051532851
2,18.314752,42.725163,4750.821365661815,2036.5075051532851
2,16.662316,42.842004,4763.813492085892,1852.7650053484574
2,18.309339,42.766233,4755.388141299107,2035.9056070153583
2,18.309339,42.766233,4755.388141299107,2035.9056070153583
2,18.309339,42.766233,4755.388141299107,2035.9056070153583
2,17.15,42.5,4725.7843823937465,1906.9929919541821
2,16.893194,42.575261,4734.153023767943,1878.437468
2,16.893194,42.575261,4734.153023767943,1878.437468
2,16.893194,42.575261,4734.153023767943,1878.437468
2,16.893194,42.575261,4734.153023767943,1878.437468
2,16.893194,42.575261,4734.153023767943,1878.437468
2,16.893194,42.575261,4734.153023767943,1878.437468
2,16.893194,42.575261,4734.153023767943,1878.437468
2,16.893194,42.575261,4734.153023767943,1878.437468
2,16.893194,42.575261,4734.153023767943,1878.437468
2,16.893194,42.575261,4734.153023767943,1878.437468
2,16.893194,42.575261,4734.153023767943,1878.437468
2,16.893194,42.575261,4734.153023767943,1878.437468
2,16.893194,42.575261,4734.153023767943,1878.437468
2,16.893194,42.575261,4734.153023767943,1878.437468
2,16.893194,42.575261,4734.153023767943,1878.437468
2,16.893194,42.575261,4734.153023767943,1878.437468
2,16.893194,42.575261,4734.153023767943,1878.437468
2,16.893194,42.575261,4734.153023767943,1878.437468
2,17.027995,43.033777,4785.137676753298,1893.426654928913
2,16.883873,42.562349,4732.717274875108,1877.401019711046
2,16.524264,42.967896,4777.812043791029,1837.4143233353227
2,16.524264,42.967896,4777.812043791029,1837.4143233353227
2,16.524264,42.967896,4777.812043791029,1837.4143233353227
2,16.529444,42.9675,4777.768010600077,1837.9903130553416
2,16.529266,42.96844,4777.872533831123,1837.9705203583987
2,16.45144,42.904686,4770.7834124778265,1829.3166639973595
2,17.1426,42.48723,4724.364423180495,1906.170149497013
2,17.027995,43.033777,4785.137676753298,1893.426654928913
2,17.031103,43.072649,4789.460045941826,1893.7722487609242
2,17.031103,43.072649,4789.460045941826,1893.7722487609242
2,17.031103,43.072649,4789.460045941826,1893.7722487609242
2,16.759295,43.184751,4801.9252196085345,1863.5485781395203
2,16.907271,43.080471,4790.329813,1880.0027586046754
2,16.762467,43.22816,4806.752080179249,1863.9012884468366
2,16.801231,43.150663,4798.134806949075,1868.2116485832864
2,16.889359,42.570567,4733.631074782272,1878.0110350786179
2,17.031103,43.072649,4789.460045941826,1893.7722487609242
2,16.524264,42.967896,4777.812043791029,1837.4143233353227
2,16.893194,42.575261,4734.153023767943,1878.437468
2,16.893194,42.575261,4734.153023767943,1878.437468
2,16.893194,42.575261,4734.153023767943,1878.437468
2,16.760596,43.137024,4796.618219344569,1863.6932427390846
2,16.893194,42.575261,4734.153023767943,1878.437468
2,16.893194,42.575261,4734.153023767943,1878.437468
2,16.893194,42.575261,4734.153023767943,1878.437468
2,16.893194,42.575261,4734.153023767943,1878.437468
2,16.873458,42.555678,4731.975493519462,1876.2429245500427
2,16.893194,42.575261,4734.153023767943,1878.437468
2,16.893194,42.575261,4734.153023767943,1878.437468
2,16.760596,43.137024,4796.618219344569,1863.6932427390846
2,16.893194,42.575261,4734.153023767943,1878.437468
2,16.893194,42.575261,4734.153023767943,1878.437468
2,16.893194,42.575261,4734.153023767943,1878.437468
2,16.893194,42.575261,4734.153023767943,1878.437468
2,16.893194,42.575261,4734.153023767943,1878.437468
2,16.893194,42.575261,4734.153023767943,1878.437468
2,16.893194,42.575261,4734.153023767943,1878.437468
2,16.893194,42.575261,4734.153023767943,1878.437468
2,16.893194,42.575261,4734.153023767943,1878.437468
2,16.893194,42.575261,4734.153023767943,1878.437468
2,16.893194,42.575261,4734.153023767943,1878.437468
2,16.893194,42.575261,4734.153023767943,1878.437468
2,16.893194,42.575261,4734.153023767943,1878.437468
2,16.893194,42.575261,4734.153023767943,1878.437468
2,16.893194,42.575261,4734.153023767943,1878.437468
2,16.893194,42.575261,4734.153023767943,1878.437468
2,16.893194,42.575261,4734.153023767943,1878.437468
2,16.893194,42.575261,4734.153023767943,1878.437468
2,16.893194,42.575261,4734.153023767943,1878.437468
2,16.893194,42.575261,4734.153023767943,1878.437468
2,16.893194,42.575261,4734.153023767943,1878.437468
2,16.893194,42.575261,4734.153023767943,1878.437468
2,16.893194,42.575261,4734.153023767943,1878.437468
2,16.893194,42.575261,4734.153023767943,1878.437468
2,16.893194,42.575261,4734.153023767943,1878.437468
2,16.893194,42.575261,4734.153023767943,1878.437468
2,16.893194,42.575261,4734.153023767943,1878.437468
2,16.524264,42.967896,4777.812043791029,1837.4143233353227
2,16.893194,42.575261,4734.153023767943,1878.437468
2,16.524264,42.967896,4777.812043791029,1837.4143233353227
2,26.587351,49.984146,5557.983447860915,2956.378544118136
2,26.218399,50.195902,5581.529640747459,2915.3529535427724
2,26.236125,50.039302,5564.116515234921,2917.3239948124738
2,26.218399,50.195902,5581.529640747459,2915.3529535427724
2,27.000544,49.670802,5523.141184766402,3002.3235094431807
2,26.26622,50.150466,5576.477388060437,2920.6704061298415
2,25.932228,49.664617,5522.453444145105,2883.532190189972
2,26.587351,49.984146,5557.983447860915,2956.378544118136
2,26.004934,48.813951,5427.863700676085,2891.616728526591
2,26.587351,49.984146,5557.983447860915,2956.378544118136
2,26.573522,50.038563,5564.034342184131,2954.8408294775677
2,16.524264,42.967896,4777.812043791029,1837.4143233353227
2,26.707222,50.067222,5567.221077586838,2969.7075911699458
2,26.707222,50.067222,5567.221077586838,2969.7075911699458
2,26.554784,50.004525,5560.249489271004,2952.757258942102
2,26.587351,49.984146,5557.983447860915,2956.378544118136
2,26.554784,50.004525,5560.249489271004,2952.757258942102
2,26.554784,50.004525,5560.249489271004,2952.757258942102
2,26.554784,50.004525,5560.249489271004,2952.757258942102
2,21.957183,50.754611,5643.655247018114,2441.527353006152
2,25.084647,48.039633,5341.763467466523,2789.2854830696506
2,26.959771,49.568741,5511.792519358131,2997.789758699102
2,26.959771,49.568741,5511.792519358131,2997.789758699102
2,26.428604,50.066522,5567.143241138186,2938.7266830980916
2,25.403052,49.589793,5514.133394953852,2824.6905036879107
2,28.416768,45.971496,5111.7971254606255,3159.800433235444
2,26.236125,50.039302,5564.116515234921,2917.3239948124738
2,17.25564,42.727309,4751.059989974394,1918.7396240049136
2,17.337953,43.137889,4796.714402956117,1927.892412001807
2,26.218399,50.195902,5581.529640747459,2915.3529535427724
2,16.74667,43.217305,4805.545059250521,1862.1447421906325
2,16.524264,42.967896,4777.812043791029,1837.4143233353227
2,17.719873,42.028689,4673.376990321973,1970.3599783858967
2,16.552261,42.953253,4776.183816480172,1840.5274476965903
2,16.764359,43.252999,4809.514050962172,1864.1116692480477
2,16.889167,42.561111,4732.579615555921,1877.989685652702
2,16.579604,42.914226,4771.8442120780155,1843.5678505758326
2,16.8,43.15,4798.061084712709,1868.0747676285869
2,25.933889,49.668611,5522.897556682123,2883.716884963129
2,16.889359,42.570567,4733.631074782272,1878.0110350786179
2,21.863642,52.600974,5848.961445362342,2431.1260683728933
2,17.465111,42.757008,4754.362368100811,1942.031736484076
2,16.889359,42.570567,4733.631074782272,1878.0110350786179
2,17.465111,42.757008,4754.362368100811,1942.031736484076
2,26.379052,49.935121,5552.532116582165,2933.2167520930007
2,26.428604,50.066522,5567.143241138186,2938.7266830980916
2,16.800006,43.149996,4798.060639933004,1868.0754347981465
2,17.341714,43.131141,4795.96406,1928.310616120917
2,26.587351,49.984146,5557.983447860915,2956.378544118136
2,16.756625,43.230939,4807.061090880393,1863.2516876853788
2,16.76068,43.212107,4804.967068021823,1863.7025831129229
2,26.587351,49.984146,5557.983447860915,2956.378544118136
2,26.594171,49.977173,5557.208085637421,2957.136893517851
2,16.758339,43.131318,4795.983741093136,1863.442275789648
3,26.587351,49.984146,5557.983447860915,2956.378544118136
3,19.022474,42.812886,4760.575718211856,2115.2026010280256
3,24.153336,47.301217,5259.655354513355,2685.7284247413795
3,23.099944,46.204834,5137.743127254013,2568.5965785734147
3,24.684588,46.70267,5193.099964755033,2744.800951911155
3,26.587351,49.984146,5557.983447860915,2956.378544118136
3,26.554784,50.004525,5560.249489271004,2952.757258942102
3,26.554784,50.004525,5560.249489271004,2952.757258942102
3,25.041763,40.474546,4500.564173441818,2784.516999835425
3,26.554784,50.004525,5560.249489271004,2952.757258942102
4,21.543155,39.174905,4356.050687782557,2395.489539917359
4,21.543155,39.174905,4356.050687782557,2395.489539917359
4,21.543155,39.174905,4356.050687782557,2395.489539917359
4,24.64732,46.714581,5194.424407526298,2740.6569393849654
4,24.64732,46.714581,5194.424407526298,2740.6569393849654
4,21.543155,39.174905,4356.050687782557,2395.489539917359
5,26.218399,50.195902,5581.529640747459,2915.3529535427724
6,26.587351,49.984146,5557.983447860915,2956.378544118136
6,24.64732,46.714581,5194.424407526298,2740.6569393849654
6,26.50495,50.016159,5561.543131047586,2947.215970967697
6,26.577736,50.075257,5568.114528822426,2955.309404898448
6,17.55494,44.232356,4918.413580736008,1952.0202655496298
6,27.51141,41.720824,4639.143964230546,3059.1292168383798
6,17.458125,44.182388,4912.857392641432,1941.2549287265367
7,21.419133,39.872387,4433.607147608458,2381.698922725047
7,21.419133,39.872387,4433.607147608458,2381.698922725047
8,17.104506,43.024997,4784.161385,1901.9342899614148
8,17.55494,44.232356,4918.413580736008,1952.0202655496298
8,16.756517,43.240785,4808.155916128136,1863.239678633301
8,24.684588,46.70267,5193.099964755033,2744.800951911155
8,16.43181,42.938049,4774.493208815469,1827.1339075873266
8,17.565604,44.228944,4918.034183646296,1953.2060482473676
8,17.577538,43.324637,4817.479833117136,1954.5330485019438
8,17.565821,44.229172,4918.059536089571,1953.2301775464493
8,16.788096,43.193481,4802.895951318141,1866.7511032218097
8,16.889167,42.561111,4732.579615555921,1877.989685652702
8,17.651778,43.52619,4839.891504167126,1962.7881598560357
8,17.577538,43.324637,4817.479833117136,1954.5330485019438
8,17.565604,44.228944,4918.034183646296,1953.2060482473676
8,17.618643,44.32998,4929.268874254756,1959.103715961668
8,19.096906,42.863787,4766.235651172991,2123.4790618080337
